id,material_name,material_class,geometry,thickness_mm,oxidizer,o2_percent,pressure_kpa,flow_velocity_cm_s,gravity_level,gravity_g,facility,ignition_method,outcome,spread_rate_mm_s,notes,source_id,source_page,evidence_span,extraction_method,extraction_confidence,verified,verified_by,verified_at
exp_0001,PMMA (cast acrylic),polymer,thin sheet,0.127,O2/N2,21.0,101.3,5.0,microgravity,0.0001,ISS,hot wire,sustained_spread,2.1,Concurrent flow flame spread over thin PMMA in BASS-II,src_bass,p.12 Table 3,"Flame spread rate 2.1 mm/s at 21% O2, 101.3 kPa, 5 cm/s flow in microgravity",manual,1.0,1,AKiB,2026-09-28
exp_0002,PMMA (cast acrylic),polymer,thin sheet,0.127,O2/N2,24.0,101.3,5.0,microgravity,0.0001,ISS,hot wire,sustained_spread,3.4,Higher O2 increases spread rate,src_bass,p.12 Table 3,"Flame spread rate 3.4 mm/s at 24% O2, 101.3 kPa, 5 cm/s flow in microgravity",manual,1.0,1,AKiB,2026-09-28
exp_0003,PMMA (cast acrylic),polymer,thin sheet,0.127,O2/N2,18.0,101.3,5.0,microgravity,0.0001,ISS,hot wire,marginal,,Near-limit condition; flame intermittent at 18% O2,src_bass,p.13 Table 3,"Marginal flame spread observed at 18% O2, 101.3 kPa in microgravity",manual,1.0,1,AKiB,2026-09-28
exp_0004,PMMA (cast acrylic),polymer,thin sheet,0.127,O2/N2,16.0,101.3,5.0,microgravity,0.0001,ISS,hot wire,extinguished,,Below flammability limit at 16% O2 in microgravity,src_bass,p.13 Table 3,"Extinction observed below 17% O2 limit for thin cast PMMA",manual,1.0,1,AKiB,2026-09-28
exp_0005,PMMA (cast acrylic),polymer,thin sheet,0.127,O2/N2,21.0,101.3,2.0,microgravity,0.0001,ISS,hot wire,sustained_spread,1.4,Low forced flow still supports flame spread,src_bass,p.14 Table 3,"Spread rate 1.4 mm/s at 2.0 cm/s forced flow and 21% O2",manual,1.0,1,AKiB,2026-09-28
exp_0006,PMMA (cast acrylic),polymer,thin sheet,0.127,O2/N2,21.0,101.3,10.0,microgravity,0.0001,ISS,hot wire,sustained_spread,2.9,Higher ventilation flow enhances oxygen transport,src_bass,p.14 Table 3,"Spread rate 2.9 mm/s at 10.0 cm/s flow velocity",manual,1.0,1,AKiB,2026-09-28
exp_0007,PMMA (cast acrylic),polymer,thin sheet,0.127,O2/N2,30.0,70.0,5.0,microgravity,0.0001,ISS,hot wire,sustained_spread,4.2,Exploration lunar atmosphere (30% O2 / 70 kPa),src_explore,p.18 Table 4,"Spread rate 4.2 mm/s at 30% O2, 70 kPa, 5 cm/s flow",manual,1.0,1,AKiB,2026-09-28
exp_0008,PMMA (cast acrylic),polymer,thick rod,10.0,O2/N2,21.0,101.3,20.0,microgravity,0.0001,ISS,radiant heater,sustained_spread,0.45,Thick PMMA cylinder test in SoFIE-GEL,src_sofie,p.6 Table 1,"Thick cast PMMA steady spread rate 0.45 mm/s at 20 cm/s flow",manual,1.0,1,AKiB,2026-09-28
exp_0009,PMMA (cast acrylic),polymer,thick rod,10.0,O2/N2,18.0,101.3,10.0,microgravity,0.0001,ISS,radiant heater,extinguished,,Thick fuel quenches due to radiative heat loss,src_sofie,p.7 Table 1,"Flame extinguished at 18% O2 due to radiative loss on thick fuel",manual,1.0,1,AKiB,2026-09-28
exp_0010,SIBAL fabric,fabric,thin sheet,0.35,O2/N2,21.0,101.3,0.0,microgravity,0.0001,ISS,hot wire,extinguished,,Self-extinguished in quiescent microgravity at 21% O2,src_bass,p.15 Table 4,"SIBAL fabric self-extinguished in quiescent 21% O2 microgravity",manual,1.0,1,AKiB,2026-09-28
exp_0011,SIBAL fabric,fabric,thin sheet,0.35,O2/N2,21.0,101.3,5.0,microgravity,0.0001,ISS,hot wire,sustained_spread,1.8,Concurrently ventilated flame on 75/25 cotton-fiberglass,src_bass,p.15 Table 4,"Spread rate 1.8 mm/s at 21% O2, 101.3 kPa, 5 cm/s flow",manual,1.0,1,AKiB,2026-09-28
exp_0012,SIBAL fabric,fabric,thin sheet,0.35,O2/N2,21.0,101.3,15.0,microgravity,0.0001,ISS,hot wire,sustained_spread,3.2,High airflow rate increases flame spread speed,src_bass,p.16 Table 4,"Spread rate 3.2 mm/s at 21% O2, 101.3 kPa, 15 cm/s flow",manual,1.0,1,AKiB,2026-09-28
exp_0013,SIBAL fabric,fabric,thin sheet,0.40,O2/N2,30.0,70.0,8.0,microgravity,0.0001,Cygnus,hot wire,sustained_spread,5.8,Saffire-like elevated O2 / reduced pressure test,src_saffire,p.8 Fig.5,"Spread rate 5.8 mm/s at 30% O2, 70 kPa, 8 cm/s forced flow",manual,1.0,1,AKiB,2026-09-28
exp_0014,SIBAL fabric,fabric,thin sheet,0.40,O2/N2,25.0,70.0,10.0,microgravity,0.0001,Cygnus,hot wire,sustained_spread,4.1,Intermediate oxygen enrichment in Saffire series,src_saffire,p.9 Fig.6,"Spread rate 4.1 mm/s at 25% O2, 70 kPa, 10 cm/s flow",manual,1.0,1,AKiB,2026-09-28
exp_0015,SIBAL fabric,fabric,thin sheet,0.40,O2/N2,34.0,56.0,5.0,microgravity,0.0001,Cygnus,hot wire,sustained_spread,7.3,Emergency decompression / pre-EVA atmosphere scenario,src_saffire,p.12 Fig.9,"Spread rate 7.3 mm/s at 34% O2, 56 kPa, 5 cm/s flow",manual,1.0,1,AKiB,2026-09-28
exp_0016,SIBAL fabric,fabric,thin sheet,0.40,O2/N2,18.0,101.3,3.0,microgravity,0.0001,Cygnus,hot wire,extinguished,,Low oxygen and low flow causes flame extinction,src_saffire,p.14 Table 2,"Flame self-extinguished at 18% O2 and 3 cm/s low ventilation",manual,1.0,1,AKiB,2026-09-28
exp_0017,Nomex HT90-40,fabric,thin sheet,0.25,O2/N2,21.0,101.3,5.0,microgravity,0.0001,ISS,hot wire,extinguished,,Flame-resistant aramid self-extinguishes in standard air,src_explore,p.22 Table 5,"Nomex self-extinguished immediately after igniter cut at 21% O2",manual,1.0,1,AKiB,2026-09-28
exp_0018,Nomex HT90-40,fabric,thin sheet,0.25,O2/N2,21.0,101.3,20.0,microgravity,0.0001,ISS,hot wire,no_ignition,,High airflow blows out igniter plume preventing ignition,src_explore,p.22 Table 5,"No ignition observed on Nomex fabric under 20 cm/s flow at 21% O2",manual,1.0,1,AKiB,2026-09-28
exp_0019,Nomex HT90-40,fabric,thin sheet,0.25,O2/N2,30.0,70.0,5.0,microgravity,0.0001,ISS,hot wire,marginal,,Char formation retards spread; flame smolders briefly,src_explore,p.24 Table 6,"Marginal localized burning observed near igniter at 30% O2, 70 kPa",manual,1.0,1,AKiB,2026-09-28
exp_0020,Nomex HT90-40,fabric,thin sheet,0.25,O2/N2,34.0,56.0,10.0,microgravity,0.0001,ISS,hot wire,sustained_spread,1.2,High oxygen reaches flammability threshold despite low pressure,src_explore,p.25 Table 6,"Sustained spread 1.2 mm/s at 34% O2, 56 kPa, 10 cm/s flow",manual,1.0,1,AKiB,2026-09-28
exp_0021,Cellulose Kimwipes,cellulose,thin sheet,0.08,O2/N2,21.0,101.3,0.0,microgravity,0.0001,drop tower,hot wire,extinguished,,Quiescent zero-g spherical flame extinguishes by heat dissipation,src_drop,p.4 Fig.2,"Quiescent thin cellulose flame extinguished after 1.8 seconds in 5.18s tower",manual,1.0,1,AKiB,2026-09-28
exp_0022,Cellulose Kimwipes,cellulose,thin sheet,0.08,O2/N2,21.0,101.3,5.0,microgravity,0.0001,drop tower,hot wire,sustained_spread,3.8,Concurrent forced flow maintains steady flame spread,src_drop,p.6 Fig.4,"Steady flame spread rate 3.8 mm/s in 5 cm/s flow at 21% O2",manual,1.0,1,AKiB,2026-09-28
exp_0023,Cellulose Kimwipes,cellulose,thin sheet,0.08,O2/N2,30.0,101.3,5.0,microgravity,0.0001,drop tower,hot wire,sustained_spread,6.5,Elevated oxygen dramatically increases flame speed,src_drop,p.8 Fig.7,"Spread rate 6.5 mm/s observed at 30% O2 in drop tower flow channel",manual,1.0,1,AKiB,2026-09-28
exp_0024,Cellulose Kimwipes,cellulose,thin sheet,0.08,O2/N2,21.0,50.0,5.0,microgravity,0.0001,drop tower,hot wire,sustained_spread,2.3,Reduced total pressure lowers flame spread rate,src_drop,p.10 Fig.9,"Spread rate 2.3 mm/s at 50 kPa, 21% O2, 5 cm/s flow",manual,1.0,1,AKiB,2026-09-28
exp_0025,Polycarbonate (Lexan),polymer,sheet,1.5,O2/N2,21.0,101.3,5.0,microgravity,0.0001,ISS,radiant heater,extinguished,,Chars and extinguishes in standard atmospheric microgravity,src_sofie,p.11 Table 2,"Polycarbonate extinguished after ignition due to intumescent charring",manual,1.0,1,AKiB,2026-09-28
exp_0026,Polycarbonate (Lexan),polymer,sheet,1.5,O2/N2,30.0,70.0,10.0,microgravity,0.0001,ISS,radiant heater,marginal,,Slow surface degradation with heavy soot emission,src_sofie,p.12 Table 2,"Marginal burning with heavy soot formation at 30% O2, 70 kPa",manual,1.0,1,AKiB,2026-09-28
exp_0027,Polycarbonate (Lexan),polymer,sheet,1.5,O2/N2,35.0,70.0,15.0,microgravity,0.0001,ISS,radiant heater,sustained_spread,1.9,High oxygen overcomes char barrier leading to sustained flame,src_sofie,p.14 Table 3,"Sustained spread rate 1.9 mm/s at 35% O2, 70 kPa, 15 cm/s flow",manual,1.0,1,AKiB,2026-09-28
exp_0028,Silicone Elastomer (RTV),other,sheet,2.0,O2/N2,21.0,101.3,5.0,microgravity,0.0001,Cygnus,hot wire,extinguished,,Silica crust forms on surface suppressing combustion,src_saffire,p.16 Table 5,"Silicone elastomer extinguished rapidly forming protective white silica ash",manual,1.0,1,AKiB,2026-09-28
exp_0029,Silicone Elastomer (RTV),other,sheet,2.0,O2/N2,30.0,70.0,10.0,microgravity,0.0001,Cygnus,hot wire,sustained_spread,0.9,Slow crawling spread at elevated oxygen,src_saffire,p.17 Table 5,"Slow sustained spread 0.9 mm/s at 30% O2, 70 kPa, 10 cm/s flow",manual,1.0,1,AKiB,2026-09-28
exp_0030,Delrin (POM),polymer,rod,6.35,O2/N2,21.0,101.3,5.0,microgravity,0.0001,ISS,hot wire,sustained_spread,1.1,Polyoxymethylene continuous flame spread,src_explore,p.29 Table 8,"Delrin rod sustained spread 1.1 mm/s at 21% O2, 101.3 kPa, 5 cm/s flow",manual,1.0,1,AKiB,2026-09-28
exp_0031,Delrin (POM),polymer,rod,6.35,O2/N2,30.0,70.0,5.0,microgravity,0.0001,ISS,hot wire,sustained_spread,2.8,Significant acceleration in exploration atmosphere,src_explore,p.30 Table 8,"Delrin spread rate 2.8 mm/s at 30% O2, 70 kPa, 5 cm/s flow",manual,1.0,1,AKiB,2026-09-28
exp_0032,Kapton (Polyimide),polymer,thin film,0.05,O2/N2,21.0,101.3,5.0,microgravity,0.0001,ISS,hot wire,no_ignition,,High temperature polyimide resists ignition in standard air,src_bass,p.22 Table 7,"Kapton polyimide film showed no ignition at 21% O2 in microgravity",manual,1.0,1,AKiB,2026-09-28
exp_0033,Kapton (Polyimide),polymer,thin film,0.05,O2/N2,30.0,70.0,5.0,microgravity,0.0001,ISS,hot wire,extinguished,,Ignited briefly then quenched leaving charred residue,src_bass,p.23 Table 7,"Kapton extinguished within 3 seconds at 30% O2, 70 kPa",manual,1.0,1,AKiB,2026-09-28
